x,y,gvi,gvi_adj
30,58,0.11484146118164062,0.11484146118164062
23,25,0.024333953857421875,0.024333953857421875
30,38,0.3256683349609375,0.3256683349609375
28,54,0.050434112548828125,0.050434112548828125
17,51,0.06876754760742188,0.06876754760742188
31,67,0.2583465576171875,0.2583465576171875
30,39,0.09577560424804688,0.09577560424804688
24,33,0.3821907043457031,0.3821907043457031
12,68,0.1201019287109375,0.1201019287109375
2,44,0.10398483276367188,0.10398483276367188
28,42,0.14957046508789062,0.14957046508789062
36,51,0.0,0.0
28,82,0.13015365600585938,0.13015365600585938
43,46,0.1381683349609375,0.1381683349609375
21,55,0.020618438720703125,0.020618438720703125
11,53,0.12694931030273438,0.12694931030273438
21,27,0.0427093505859375,0.0427093505859375
25,70,0.029705047607421875,0.029705047607421875
17,50,0.19801712036132812,0.19801712036132812
24,48,0.32276153564453125,0.32276153564453125
38,45,0.1560821533203125,0.1560821533203125
36,53,0.0,0.0
29,42,0.3842582702636719,0.3842582702636719
29,53,0.006381988525390625,0.006381988525390625
9,27,0.2745475769042969,0.2745475769042969
27,64,0.22227096557617188,0.22227096557617188
12,43,0.0724945068359375,0.0724945068359375
26,16,0.2930564880371094,0.2930564880371094
35,39,0.3551521301269531,0.3551521301269531
0,42,0.09158706665039062,0.09158706665039062
16,77,0.048938751220703125,0.048938751220703125
31,53,0.4495429992675781,0.4495429992675781
34,39,0.274261474609375,0.274261474609375
22,15,0.39723968505859375,0.39723968505859375
26,60,0.1048583984375,0.1048583984375
28,32,0.178741455078125,0.178741455078125
21,42,0.290191650390625,0.290191650390625
31,54,0.1004180908203125,0.1004180908203125
13,53,0.12568283081054688,0.12568283081054688
39,1,0.2637672424316406,0.2637672424316406
25,55,0.0092926025390625,0.0092926025390625
14,23,0.09352493286132812,0.09352493286132812
21,29,0.4043540954589844,0.4043540954589844
26,14,0.3341217041015625,0.3341217041015625
26,75,0.0,0.0
13,57,0.0624237060546875,0.0624237060546875
29,20,0.1328277587890625,0.1328277587890625
23,55,0.4344635009765625,0.4344635009765625
37,45,0.15568923950195312,0.15568923950195312
24,15,0.14516830444335938,0.14516830444335938
27,7,0.09197235107421875,0.09197235107421875
19,34,0.5088729858398438,0.5088729858398438
14,56,0.0,0.0
24,47,0.20518875122070312,0.20518875122070312
12,63,0.3011894226074219,0.3011894226074219
32,62,0.18946075439453125,0.18946075439453125
10,17,0.16819000244140625,0.16819000244140625
17,58,0.0997314453125,0.0997314453125
40,4,0.39275360107421875,0.39275360107421875
16,26,0.3567543029785156,0.3567543029785156
28,48,0.12035369873046875,0.12035369873046875
38,44,0.041728973388671875,0.041728973388671875
20,76,0.0,0.0
18,29,0.009845733642578125,0.009845733642578125
31,62,0.163421630859375,0.163421630859375
11,37,0.26299285888671875,0.26299285888671875
19,43,0.10663986206054688,0.10663986206054688
20,34,0.2268829345703125,0.2268829345703125
10,59,0.11377334594726562,0.11377334594726562
24,23,0.040073394775390625,0.040073394775390625
33,3,0.188446044921875,0.188446044921875
28,38,0.29145050048828125,0.29145050048828125
25,67,0.062137603759765625,0.062137603759765625
11,57,0.06293869018554688,0.06293869018554688
24,58,0.001628875732421875,0.001628875732421875
13,37,0.001293182373046875,0.001293182373046875
18,53,0.03534698486328125,0.03534698486328125
6,24,0.4260978698730469,0.4260978698730469
33,49,0.0,0.0
30,36,0.1780853271484375,0.1780853271484375
15,49,0.391021728515625,0.391021728515625
14,37,0.3583526611328125,0.3583526611328125
28,7,0.005962371826171875,0.005962371826171875
22,62,0.2283477783203125,0.2283477783203125
22,21,0.12479019165039062,0.12479019165039062
29,14,0.4815635681152344,0.4815635681152344
27,36,0.0447235107421875,0.0447235107421875
9,34,0.19496917724609375,0.19496917724609375
18,73,0.012058258056640625,0.012058258056640625
19,28,0.002971649169921875,0.002971649169921875
30,57,0.17679977416992188,0.17679977416992188
12,72,0.2971534729003906,0.2971534729003906
32,50,0.058345794677734375,0.058345794677734375
26,15,0.16935348510742188,0.16935348510742188
31,25,0.06995391845703125,0.06995391845703125
17,56,0.3156776428222656,0.3156776428222656
20,74,0.24105453491210938,0.24105453491210938
35,35,0.19173812866210938,0.19173812866210938
13,49,0.13717269897460938,0.13717269897460938
21,53,0.07764434814453125,0.07764434814453125
15,22,0.07921600341796875,0.07921600341796875
24,74,0.0,0.0
27,49,0.21341705322265625,0.21341705322265625
23,26,0.23015594482421875,0.23015594482421875
31,28,0.1292724609375,0.1292724609375
28,31,0.2659797668457031,0.2659797668457031
32,32,0.18021392822265625,0.18021392822265625
28,47,0.3237724304199219,0.3237724304199219
22,73,0.3429985046386719,0.3429985046386719
24,18,0.088653564453125,0.088653564453125
24,40,0.3870887756347656,0.3870887756347656
15,44,0.06093597412109375,0.06093597412109375
29,54,0.00018310546875,0.00018310546875
13,59,0.08695602416992188,0.08695602416992188
33,33,0.09274673461914062,0.09274673461914062
19,72,0.019870758056640625,0.019870758056640625
32,34,0.38603973388671875,0.38603973388671875
26,33,0.5221977233886719,0.5221977233886719
32,46,0.3545799255371094,0.3545799255371094
9,20,0.10860061645507812,0.10860061645507812
37,51,0.10885238647460938,0.10885238647460938
17,16,0.1618499755859375,0.1618499755859375
45,45,0.18385696411132812,0.18385696411132812
38,41,0.4586601257324219,0.4586601257324219
35,31,0.2623863220214844,0.2623863220214844
11,38,0.20764923095703125,0.20764923095703125
19,63,0.14131546020507812,0.14131546020507812
24,55,0.0351409912109375,0.0351409912109375
6,39,0.0867919921875,0.0867919921875
33,28,0.08896255493164062,0.08896255493164062
20,20,0.10744857788085938,0.10744857788085938
12,52,0.08749771118164062,0.08749771118164062
26,64,0.028789520263671875,0.028789520263671875
22,28,0.16143798828125,0.16143798828125
4,36,0.062469482421875,0.062469482421875
19,71,0.10351943969726562,0.10351943969726562
31,20,0.11414718627929688,0.11414718627929688
14,30,0.08612442016601562,0.08612442016601562
38,47,0.013156890869140625,0.013156890869140625
16,44,0.060901641845703125,0.060901641845703125
32,61,0.0,0.0
33,9,0.0841064453125,0.0841064453125
30,30,0.18456649780273438,0.18456649780273438
23,41,0.06979751586914062,0.06979751586914062
8,31,0.2339324951171875,0.2339324951171875
13,58,0.22877120971679688,0.22877120971679688
27,31,0.16420364379882812,0.16420364379882812
35,40,0.0526275634765625,0.0526275634765625
35,43,0.19002914428710938,0.19002914428710938
21,24,0.0,0.0
36,42,0.04962921142578125,0.04962921142578125
32,4,0.2546272277832031,0.2546272277832031
24,67,0.40491485595703125,0.40491485595703125
35,6,0.3150978088378906,0.3150978088378906
15,25,0.24788665771484375,0.24788665771484375
29,49,0.08966827392578125,0.08966827392578125
29,64,0.35314178466796875,0.35314178466796875
11,71,0.22428131103515625,0.22428131103515625
20,32,0.01696014404296875,0.01696014404296875
31,68,0.32109832763671875,0.32109832763671875
21,52,0.12163543701171875,0.12163543701171875
7,22,0.22600936889648438,0.22600936889648438
9,30,0.0,0.0
7,31,0.0100860595703125,0.0100860595703125
20,16,0.2725372314453125,0.2725372314453125
33,10,0.15443801879882812,0.15443801879882812
20,73,0.12326812744140625,0.12326812744140625
4,46,0.1321868896484375,0.1321868896484375
13,63,0.3028831481933594,0.3028831481933594
12,37,0.09948348999023438,0.09948348999023438
30,63,0.10968780517578125,0.10968780517578125
24,61,0.2628135681152344,0.2628135681152344
17,18,0.05895233154296875,0.05895233154296875
7,47,0.19813156127929688,0.19813156127929688
7,24,0.1187896728515625,0.1187896728515625
20,51,0.019962310791015625,0.019962310791015625
22,20,0.22140121459960938,0.22140121459960938
18,64,0.4308624267578125,0.4308624267578125
15,27,0.19929885864257812,0.19929885864257812
31,31,0.4085845947265625,0.4085845947265625
15,64,0.3391876220703125,0.3391876220703125
18,17,0.07242584228515625,0.07242584228515625
10,51,0.2208099365234375,0.2208099365234375
21,74,0.203369140625,0.203369140625
17,52,0.06632614135742188,0.06632614135742188
31,57,0.3880882263183594,0.3880882263183594
29,67,0.15875244140625,0.15875244140625
4,35,0.016269683837890625,0.016269683837890625
30,45,0.10523605346679688,0.10523605346679688
32,18,0.38346099853515625,0.38346099853515625
12,62,0.10974884033203125,0.10974884033203125
8,53,0.14406967163085938,0.14406967163085938
36,3,0.16435623168945312,0.16435623168945312
19,53,0.12890625,0.12890625
21,47,0.4431610107421875,0.4431610107421875
12,73,0.3310699462890625,0.3310699462890625
30,19,0.3678627014160156,0.3678627014160156
26,79,0.026233673095703125,0.026233673095703125
10,73,0.15735626220703125,0.15735626220703125
3,42,0.15991592407226562,0.15991592407226562
30,53,0.000774383544921875,0.000774383544921875
30,75,0.2825164794921875,0.2825164794921875
18,33,0.12915802001953125,0.12915802001953125
17,60,0.042938232421875,0.042938232421875
5,27,0.21361923217773438,0.21361923217773438
7,49,0.15021896362304688,0.15021896362304688
25,62,0.3084869384765625,0.3084869384765625
15,53,0.06512451171875,0.06512451171875
19,79,0.21830368041992188,0.21830368041992188
29,75,0.0322418212890625,0.0322418212890625
9,21,0.22014617919921875,0.22014617919921875
33,62,0.23171615600585938,0.23171615600585938
20,59,0.18783950805664062,0.18783950805664062
30,27,0.002010345458984375,0.002010345458984375
31,63,0.0,0.0
35,47,0.01627349853515625,0.01627349853515625
36,46,0.2703437805175781,0.2703437805175781
32,29,0.033710479736328125,0.033710479736328125
2,46,0.4731636047363281,0.4731636047363281
7,27,0.09762191772460938,0.09762191772460938
29,79,0.047931671142578125,0.047931671142578125
24,29,0.0,0.0
18,35,0.399200439453125,0.399200439453125
15,32,0.05865478515625,0.05865478515625
6,45,0.22639846801757812,0.22639846801757812
14,57,0.10001754760742188,0.10001754760742188
25,15,0.5750503540039062,0.5750503540039062
31,39,0.291473388671875,0.291473388671875
13,54,0.041057586669921875,0.041057586669921875
20,28,0.16167068481445312,0.16167068481445312
32,63,0.06498336791992188,0.06498336791992188
18,68,0.2364959716796875,0.2364959716796875
24,26,0.2532463073730469,0.2532463073730469
29,12,0.3814048767089844,0.3814048767089844
18,52,0.08501434326171875,0.08501434326171875
20,65,0.24908447265625,0.24908447265625
24,72,0.3616676330566406,0.3616676330566406
19,75,0.3029022216796875,0.3029022216796875
31,44,0.329681396484375,0.329681396484375
25,36,0.5306129455566406,0.5306129455566406
24,53,0.21915435791015625,0.21915435791015625
27,70,0.12817764282226562,0.12817764282226562
34,3,0.454681396484375,0.454681396484375
31,18,0.08176803588867188,0.08176803588867188
23,35,0.43787384033203125,0.43787384033203125
10,54,0.025440216064453125,0.025440216064453125
30,72,0.44073486328125,0.44073486328125
12,18,0.39447784423828125,0.39447784423828125
22,40,0.20316696166992188,0.20316696166992188
6,27,0.04376983642578125,0.04376983642578125
17,44,0.139495849609375,0.139495849609375
3,45,0.18630599975585938,0.18630599975585938
18,45,0.013790130615234375,0.013790130615234375
24,52,0.10940933227539062,0.10940933227539062
26,82,0.11745834350585938,0.11745834350585938
12,41,0.07326889038085938,0.07326889038085938
22,64,0.14789581298828125,0.14789581298828125
23,50,0.0,0.0
11,62,0.33843994140625,0.33843994140625
29,27,0.24689102172851562,0.24689102172851562
14,61,0.17712783813476562,0.17712783813476562
30,18,0.035556793212890625,0.035556793212890625
40,2,0.172515869140625,0.172515869140625
21,26,0.017559051513671875,0.017559051513671875
12,39,0.3611412048339844,0.3611412048339844
29,61,0.02878570556640625,0.02878570556640625
13,29,0.06668853759765625,0.06668853759765625
19,40,0.2960548400878906,0.2960548400878906
22,74,0.29727935791015625,0.29727935791015625
6,42,0.10672378540039062,0.10672378540039062
12,50,0.376953125,0.376953125
24,75,0.2691192626953125,0.2691192626953125
15,62,0.038890838623046875,0.038890838623046875
23,18,0.15221023559570312,0.15221023559570312
17,74,0.071533203125,0.071533203125
19,66,0.16258621215820312,0.16258621215820312
14,42,0.034381866455078125,0.034381866455078125
34,53,0.1270294189453125,0.1270294189453125
10,21,0.15985107421875,0.15985107421875
13,55,0.0408935546875,0.0408935546875
30,26,0.458526611328125,0.458526611328125
25,26,0.33898162841796875,0.33898162841796875
20,80,0.1305694580078125,0.1305694580078125
33,31,0.08258819580078125,0.08258819580078125
42,41,0.2912864685058594,0.2912864685058594
5,41,0.012256622314453125,0.012256622314453125
20,58,0.2310791015625,0.2310791015625
42,42,0.21247100830078125,0.21247100830078125
32,6,0.269744873046875,0.269744873046875
25,60,0.0081634521484375,0.0081634521484375
25,19,0.14440155029296875,0.14440155029296875
32,51,0.036407470703125,0.036407470703125
25,48,0.3625907897949219,0.3625907897949219
44,46,0.038692474365234375,0.038692474365234375
3,43,0.14023208618164062,0.14023208618164062
30,82,0.0322418212890625,0.0322418212890625
29,51,0.0,0.0
6,44,0.03508758544921875,0.03508758544921875
30,46,0.0,0.0
36,47,0.01386260986328125,0.01386260986328125
27,40,0.08441162109375,0.08441162109375
24,70,0.3352317810058594,0.3352317810058594
39,46,0.0660552978515625,0.0660552978515625
23,16,0.05263519287109375,0.05263519287109375
32,11,0.21375274658203125,0.21375274658203125
25,46,0.13029861450195312,0.13029861450195312
28,20,0.26021575927734375,0.26021575927734375
9,36,0.12023162841796875,0.12023162841796875
28,75,0.11190414428710938,0.11190414428710938
24,19,0.1683349609375,0.1683349609375
29,39,0.034076690673828125,0.034076690673828125
22,46,0.05097198486328125,0.05097198486328125
16,57,0.2338104248046875,0.2338104248046875
35,44,0.000164031982421875,0.000164031982421875
21,66,0.12165451049804688,0.12165451049804688
41,1,0.11716461181640625,0.11716461181640625
20,15,0.31256866455078125,0.31256866455078125
26,19,0.4737281799316406,0.4737281799316406
34,47,0.2068634033203125,0.2068634033203125
7,29,0.0047607421875,0.0047607421875
23,27,0.06791305541992188,0.06791305541992188
7,21,0.2770347595214844,0.2770347595214844
17,33,0.3761940002441406,0.3761940002441406
11,50,0.11129379272460938,0.11129379272460938
19,69,0.04257965087890625,0.04257965087890625
19,25,0.20389175415039062,0.20389175415039062
23,23,0.041385650634765625,0.041385650634765625
16,23,0.17205810546875,0.17205810546875
31,10,0.4547538757324219,0.4547538757324219
5,32,0.122955322265625,0.122955322265625
10,53,0.08292388916015625,0.08292388916015625
34,28,0.11133193969726562,0.11133193969726562
16,56,0.034626007080078125,0.034626007080078125
28,36,0.00127410888671875,0.00127410888671875
8,21,0.19874954223632812,0.19874954223632812
36,45,0.006641387939453125,0.006641387939453125
10,41,0.15861129760742188,0.15861129760742188
17,31,0.12322616577148438,0.12322616577148438
30,22,0.16016387939453125,0.16016387939453125
18,69,0.04084014892578125,0.04084014892578125
7,38,0.09341812133789062,0.09341812133789062
29,5,0.253997802734375,0.253997802734375
24,6,0.09640121459960938,0.09640121459960938
20,79,0.015041351318359375,0.015041351318359375
26,61,0.3287315368652344,0.3287315368652344
13,33,0.051025390625,0.051025390625
31,50,0.3187675476074219,0.3187675476074219
12,28,0.13338470458984375,0.13338470458984375
16,49,0.110565185546875,0.110565185546875
18,46,0.05290985107421875,0.05290985107421875
10,26,0.053119659423828125,0.053119659423828125
31,7,0.00592041015625,0.00592041015625
24,21,0.16730117797851562,0.16730117797851562
19,64,0.058849334716796875,0.058849334716796875
11,69,0.30745697021484375,0.30745697021484375
20,53,0.023616790771484375,0.023616790771484375
14,41,0.20958328247070312,0.20958328247070312
27,52,0.15104293823242188,0.15104293823242188
18,58,0.5949058532714844,0.5949058532714844
20,29,0.0921783447265625,0.0921783447265625
30,52,0.000286102294921875,0.000286102294921875
29,62,0.16814041137695312,0.16814041137695312
24,71,0.13474273681640625,0.13474273681640625
23,19,0.060161590576171875,0.060161590576171875
33,46,0.0,0.0
28,12,0.052356719970703125,0.052356719970703125
14,60,0.5046615600585938,0.5046615600585938
39,3,0.29169464111328125,0.29169464111328125
22,69,0.22690200805664062,0.22690200805664062
36,4,0.13578033447265625,0.13578033447265625
13,60,0.3406562805175781,0.3406562805175781
23,69,0.24285125732421875,0.24285125732421875
20,35,0.4159889221191406,0.4159889221191406
1,38,0.07254791259765625,0.07254791259765625
31,35,0.09508514404296875,0.09508514404296875
30,21,0.14400100708007812,0.14400100708007812
18,66,0.05910491943359375,0.05910491943359375
31,66,0.24925994873046875,0.24925994873046875
26,36,0.12476730346679688,0.12476730346679688
29,15,0.3935585021972656,0.3935585021972656
15,16,0.025531768798828125,0.025531768798828125
10,25,0.3319244384765625,0.3319244384765625
20,55,0.16928482055664062,0.16928482055664062
33,39,0.10347747802734375,0.10347747802734375
2,39,0.15808486938476562,0.15808486938476562
34,55,0.14626312255859375,0.14626312255859375
25,47,0.3932952880859375,0.3932952880859375
18,60,0.199859619140625,0.199859619140625
20,19,0.37933349609375,0.37933349609375
31,4,0.09928131103515625,0.09928131103515625
34,36,0.0,0.0
15,46,0.22258758544921875,0.22258758544921875
32,58,0.058452606201171875,0.058452606201171875
13,48,0.09354400634765625,0.09354400634765625
31,46,0.02696990966796875,0.02696990966796875
29,52,0.0,0.0
32,27,0.12445068359375,0.12445068359375
3,37,0.1107330322265625,0.1107330322265625
34,52,0.26322174072265625,0.26322174072265625
21,43,0.379150390625,0.379150390625
34,33,0.3128204345703125,0.3128204345703125
29,33,0.1802215576171875,0.1802215576171875
17,67,0.2706031799316406,0.2706031799316406
10,72,0.3653907775878906,0.3653907775878906
6,35,0.09375762939453125,0.09375762939453125
18,34,0.4113655090332031,0.4113655090332031
34,46,0.09929275512695312,0.09929275512695312
29,4,0.5049476623535156,0.5049476623535156
16,33,0.2541236877441406,0.2541236877441406
11,59,0.13663864135742188,0.13663864135742188
35,42,0.10988616943359375,0.10988616943359375
11,35,0.14800643920898438,0.14800643920898438
34,44,0.09389495849609375,0.09389495849609375
12,61,0.03995513916015625,0.03995513916015625
27,22,0.11300277709960938,0.11300277709960938
38,6,0.11911392211914062,0.11911392211914062
23,47,0.16529464721679688,0.16529464721679688
38,36,0.2813911437988281,0.2813911437988281
16,59,0.183624267578125,0.183624267578125
0,41,0.036869049072265625,0.036869049072265625
32,39,0.32328033447265625,0.32328033447265625
17,24,0.20772171020507812,0.20772171020507812
25,31,0.10757064819335938,0.10757064819335938
18,25,0.1360015869140625,0.1360015869140625
18,15,0.1110382080078125,0.1110382080078125
23,29,0.0040130615234375,0.0040130615234375
25,7,0.01275634765625,0.01275634765625
36,43,0.4705696105957031,0.4705696105957031
7,48,0.23548507690429688,0.23548507690429688
29,16,0.3457183837890625,0.3457183837890625
26,74,0.5144424438476562,0.5144424438476562
27,53,0.21710205078125,0.21710205078125
38,42,0.004100799560546875,0.004100799560546875
20,70,0.10703659057617188,0.10703659057617188
28,26,0.21599960327148438,0.21599960327148438
36,36,0.18753433227539062,0.18753433227539062
13,27,0.48787689208984375,0.48787689208984375
21,49,0.017810821533203125,0.017810821533203125
11,21,0.17962646484375,0.17962646484375
27,30,0.4587898254394531,0.4587898254394531
39,42,0.3341255187988281,0.3341255187988281
9,49,0.23975372314453125,0.23975372314453125
30,8,0.11897659301757812,0.11897659301757812
11,36,0.16037368774414062,0.16037368774414062
30,24,0.15154266357421875,0.15154266357421875
34,12,0.16078948974609375,0.16078948974609375
20,49,0.2849884033203125,0.2849884033203125
31,79,0.07410049438476562,0.07410049438476562
19,48,0.032436370849609375,0.032436370849609375
23,20,0.380218505859375,0.380218505859375
11,30,0.1097564697265625,0.1097564697265625
33,24,0.1204986572265625,0.1204986572265625
27,80,0.026233673095703125,0.026233673095703125
38,48,0.17162704467773438,0.17162704467773438
28,13,0.17945480346679688,0.17945480346679688
35,50,0.0,0.0
33,51,0.3620033264160156,0.3620033264160156
12,34,0.3203849792480469,0.3203849792480469
30,74,0.21113967895507812,0.21113967895507812
21,17,0.15050888061523438,0.15050888061523438
19,44,0.08514404296875,0.08514404296875
9,33,0.0,0.0
23,58,0.0,0.0
35,49,0.23053359985351562,0.23053359985351562
13,64,0.44451141357421875,0.44451141357421875
22,23,0.21251296997070312,0.21251296997070312
27,23,0.10570907592773438,0.10570907592773438
30,61,0.11696243286132812,0.11696243286132812
35,33,0.3501472473144531,0.3501472473144531
38,5,0.3074150085449219,0.3074150085449219
26,17,0.2973670959472656,0.2973670959472656
13,73,0.2659339904785156,0.2659339904785156
29,46,0.45135498046875,0.45135498046875
2,45,0.20648574829101562,0.20648574829101562
33,11,0.24736785888671875,0.24736785888671875
24,45,0.36135101318359375,0.36135101318359375
31,45,0.357574462890625,0.357574462890625
39,2,0.2699623107910156,0.2699623107910156
22,25,0.0,0.0
7,36,0.007061004638671875,0.007061004638671875
33,30,0.16339111328125,0.16339111328125
5,43,0.04239654541015625,0.04239654541015625
23,68,0.3413658142089844,0.3413658142089844
21,30,0.19424819946289062,0.19424819946289062
17,66,0.1824951171875,0.1824951171875
19,42,0.30496978759765625,0.30496978759765625
17,57,0.08530807495117188,0.08530807495117188
33,59,0.1194305419921875,0.1194305419921875
31,52,0.1678009033203125,0.1678009033203125
38,46,0.08334732055664062,0.08334732055664062
25,65,0.24942398071289062,0.24942398071289062
5,40,0.2152557373046875,0.2152557373046875
13,19,0.07276535034179688,0.07276535034179688
28,50,0.060375213623046875,0.060375213623046875
22,82,0.050838470458984375,0.050838470458984375
29,70,0.1283111572265625,0.1283111572265625
16,55,0.040618896484375,0.040618896484375
23,32,0.0,0.0
55,31,0.434173583984375,0.434173583984375
29,41,0.3673286437988281,0.3673286437988281
30,79,0.2889442443847656,0.2889442443847656
17,65,0.25296783447265625,0.25296783447265625
20,71,0.02980804443359375,0.02980804443359375
23,57,0.09638214111328125,0.09638214111328125
30,70,0.20653915405273438,0.20653915405273438
26,21,0.14289474487304688,0.14289474487304688
37,44,0.005771636962890625,0.005771636962890625
21,69,0.34908294677734375,0.34908294677734375
23,36,0.2982177734375,0.2982177734375
18,43,0.3126258850097656,0.3126258850097656
17,17,0.19830322265625,0.19830322265625
33,6,0.3268280029296875,0.3268280029296875
20,38,0.39337158203125,0.39337158203125
33,52,0.032073974609375,0.032073974609375
19,29,0.17073822021484375,0.17073822021484375
29,9,0.18486404418945312,0.18486404418945312
6,37,0.04088592529296875,0.04088592529296875
29,78,0.047931671142578125,0.047931671142578125
31,19,0.01092529296875,0.01092529296875
20,67,0.16531753540039062,0.16531753540039062
7,37,0.08977127075195312,0.08977127075195312
27,54,0.07889556884765625,0.07889556884765625
32,19,0.18693923950195312,0.18693923950195312
35,7,0.32205963134765625,0.32205963134765625
29,13,0.10817337036132812,0.10817337036132812
9,35,0.1800994873046875,0.1800994873046875
30,62,0.008937835693359375,0.008937835693359375
28,37,0.0565338134765625,0.0565338134765625
8,23,0.233642578125,0.233642578125
36,37,0.3033103942871094,0.3033103942871094
10,49,0.4814033508300781,0.4814033508300781
22,34,0.3681907653808594,0.3681907653808594
25,43,0.26746368408203125,0.26746368408203125
18,48,0.26302337646484375,0.26302337646484375
32,42,0.01421356201171875,0.01421356201171875
37,43,0.21183013916015625,0.21183013916015625
21,70,0.23918533325195312,0.23918533325195312
33,25,0.14751434326171875,0.14751434326171875
28,14,0.0,0.0
29,10,0.155853271484375,0.155853271484375
26,40,0.16742324829101562,0.16742324829101562
35,55,0.027927398681640625,0.027927398681640625
7,28,0.2878074645996094,0.2878074645996094
33,42,0.22156906127929688,0.22156906127929688
29,32,0.012298583984375,0.012298583984375
9,38,0.08172225952148438,0.08172225952148438
28,8,0.21033096313476562,0.21033096313476562
8,36,0.0,0.0
5,22,0.26689910888671875,0.26689910888671875
30,44,0.13812637329101562,0.13812637329101562
25,37,0.308990478515625,0.308990478515625
15,26,0.3201255798339844,0.3201255798339844
16,75,0.4229087829589844,0.4229087829589844
30,12,0.13183975219726562,0.13183975219726562
32,64,0.19390869140625,0.19390869140625
31,38,0.2575340270996094,0.2575340270996094
31,42,0.4815559387207031,0.4815559387207031
27,82,0.15506744384765625,0.15506744384765625
30,37,0.1013336181640625,0.1013336181640625
13,45,0.047595977783203125,0.047595977783203125
36,44,0.005970001220703125,0.005970001220703125
31,47,0.024379730224609375,0.024379730224609375
33,58,0.2856254577636719,0.2856254577636719
21,19,0.4479026794433594,0.4479026794433594
28,5,0.2778816223144531,0.2778816223144531
17,42,0.37522125244140625,0.37522125244140625
32,37,0.2747306823730469,0.2747306823730469
29,50,0.15721511840820312,0.15721511840820312
22,53,0.03058624267578125,0.03058624267578125
30,29,0.29593658447265625,0.29593658447265625
21,59,0.10150909423828125,0.10150909423828125
22,50,0.14702224731445312,0.14702224731445312
23,43,0.3365440368652344,0.3365440368652344
6,19,0.37615966796875,0.37615966796875
38,40,0.2946128845214844,0.2946128845214844
12,45,0.018795013427734375,0.018795013427734375
30,9,0.04979705810546875,0.04979705810546875
18,63,0.07147598266601562,0.07147598266601562
9,44,0.04541015625,0.04541015625
30,47,0.148101806640625,0.148101806640625
13,38,0.22435760498046875,0.22435760498046875
17,46,0.21758270263671875,0.21758270263671875
19,45,0.040790557861328125,0.040790557861328125
25,71,0.2035064697265625,0.2035064697265625
22,59,0.08935546875,0.08935546875
7,23,0.0319061279296875,0.0319061279296875
36,54,0.05161285400390625,0.05161285400390625
33,57,0.09442901611328125,0.09442901611328125
8,30,0.12676239013671875,0.12676239013671875
19,55,0.13314437866210938,0.13314437866210938
10,33,0.12607574462890625,0.12607574462890625
21,82,0.05178070068359375,0.05178070068359375
30,11,0.16251754760742188,0.16251754760742188
19,70,0.0743560791015625,0.0743560791015625
15,54,0.21829986572265625,0.21829986572265625
32,38,0.296173095703125,0.296173095703125
26,39,0.141876220703125,0.141876220703125
2,41,0.08744049072265625,0.08744049072265625
16,54,0.23145294189453125,0.23145294189453125
1,44,0.1333770751953125,0.1333770751953125
19,51,0.106597900390625,0.106597900390625
27,27,0.00949859619140625,0.00949859619140625
31,29,0.15473175048828125,0.15473175048828125
8,27,0.4588165283203125,0.4588165283203125
15,57,0.13638687133789062,0.13638687133789062
22,33,0.37943267822265625,0.37943267822265625
17,48,0.0,0.0
14,28,0.036975860595703125,0.036975860595703125
17,47,0.20487213134765625,0.20487213134765625
19,78,0.0660400390625,0.0660400390625
16,41,0.4120674133300781,0.4120674133300781
6,25,0.20699310302734375,0.20699310302734375
30,78,0.0125274658203125,0.0125274658203125
22,37,0.5284080505371094,0.5284080505371094
12,46,0.21219253540039062,0.21219253540039062
32,59,0.09289932250976562,0.09289932250976562
37,49,0.07403182983398438,0.07403182983398438
30,42,0.2562446594238281,0.2562446594238281
14,43,0.3582916259765625,0.3582916259765625
19,54,0.18479156494140625,0.18479156494140625
16,63,0.09304428100585938,0.09304428100585938
34,41,0.49725341796875,0.49725341796875
27,9,0.09588241577148438,0.09588241577148438
6,33,0.13692855834960938,0.13692855834960938
13,51,0.2822532653808594,0.2822532653808594
14,34,0.6189422607421875,0.6189422607421875
16,16,0.2870063781738281,0.2870063781738281
22,43,0.022022247314453125,0.022022247314453125
13,24,0.09882354736328125,0.09882354736328125
25,25,0.041881561279296875,0.041881561279296875
23,70,0.03037261962890625,0.03037261962890625
6,41,0.026386260986328125,0.026386260986328125
3,40,0.11615371704101562,0.11615371704101562
22,72,0.10529327392578125,0.10529327392578125
17,64,0.24740219116210938,0.24740219116210938
19,73,0.2968025207519531,0.2968025207519531
14,27,0.2583656311035156,0.2583656311035156
6,28,0.100372314453125,0.100372314453125
29,47,0.0,0.0
24,24,0.0,0.0
19,17,0.24180221557617188,0.24180221557617188
21,21,0.1337127685546875,0.1337127685546875
22,49,0.11565780639648438,0.11565780639648438
30,60,0.06689453125,0.06689453125
8,46,0.4140663146972656,0.4140663146972656
29,7,0.12982177734375,0.12982177734375
29,72,0.48354339599609375,0.48354339599609375
33,15,0.085479736328125,0.085479736328125
4,44,0.0,0.0
8,18,0.23215866088867188,0.23215866088867188
31,17,0.4061088562011719,0.4061088562011719
29,34,0.11162567138671875,0.11162567138671875
15,47,0.16890716552734375,0.16890716552734375
28,23,0.0,0.0
30,28,0.048160552978515625,0.048160552978515625
24,51,0.1245880126953125,0.1245880126953125
11,60,0.46637725830078125,0.46637725830078125
19,23,0.13922500610351562,0.13922500610351562
5,25,0.2901496887207031,0.2901496887207031
8,35,0.2854576110839844,0.2854576110839844
14,59,0.21525192260742188,0.21525192260742188
18,59,0.2756195068359375,0.2756195068359375
37,36,0.3446846008300781,0.3446846008300781
22,61,0.0,0.0
34,56,0.12191009521484375,0.12191009521484375
12,59,0.0659942626953125,0.0659942626953125
17,54,0.09624862670898438,0.09624862670898438
34,34,0.38238525390625,0.38238525390625
28,81,0.13091659545898438,0.13091659545898438
39,5,0.3175010681152344,0.3175010681152344
20,27,0.07513427734375,0.07513427734375
5,33,0.1065216064453125,0.1065216064453125
13,41,0.11302947998046875,0.11302947998046875
34,43,0.40665435791015625,0.40665435791015625
23,71,0.09527206420898438,0.09527206420898438
23,48,0.11561965942382812,0.11561965942382812
22,16,0.2594184875488281,0.2594184875488281
11,27,0.14168548583984375,0.14168548583984375
25,54,0.034984588623046875,0.034984588623046875
30,40,0.2606925964355469,0.2606925964355469
26,54,0.08556365966796875,0.08556365966796875
19,31,0.09329605102539062,0.09329605102539062
13,30,0.2046966552734375,0.2046966552734375
11,31,0.20967864990234375,0.20967864990234375
17,55,0.076873779296875,0.076873779296875
17,28,0.23838424682617188,0.23838424682617188
22,63,0.08793258666992188,0.08793258666992188
30,13,0.2714691162109375,0.2714691162109375
15,55,0.14239883422851562,0.14239883422851562
14,25,0.0151214599609375,0.0151214599609375
28,71,0.014133453369140625,0.014133453369140625
21,20,0.4500617980957031,0.4500617980957031
17,63,0.2014312744140625,0.2014312744140625
7,30,0.8187179565429688,0.8187179565429688
7,33,0.003559112548828125,0.003559112548828125
28,51,0.009540557861328125,0.009540557861328125
26,25,0.2794151306152344,0.2794151306152344
30,77,0.1692047119140625,0.1692047119140625
17,26,0.2916221618652344,0.2916221618652344
19,57,0.058376312255859375,0.058376312255859375
6,48,0.21338653564453125,0.21338653564453125
44,47,0.2932395935058594,0.2932395935058594
26,45,0.13504791259765625,0.13504791259765625
29,26,0.3206138610839844,0.3206138610839844
12,30,0.060123443603515625,0.060123443603515625
19,47,0.19849014282226562,0.19849014282226562
13,31,0.27292633056640625,0.27292633056640625
28,15,0.4172325134277344,0.4172325134277344
30,25,0.23586654663085938,0.23586654663085938
10,19,0.14126205444335938,0.14126205444335938
39,49,0.06316757202148438,0.06316757202148438
31,49,0.0,0.0
25,32,0.17978668212890625,0.17978668212890625
33,26,0.17096328735351562,0.17096328735351562
19,19,0.22544479370117188,0.22544479370117188
7,18,0.2869911193847656,0.2869911193847656
11,34,0.20191574096679688,0.20191574096679688
38,35,0.031299591064453125,0.031299591064453125
29,31,0.3232574462890625,0.3232574462890625
27,18,0.32434844970703125,0.32434844970703125
27,66,0.0643157958984375,0.0643157958984375
33,34,0.2229766845703125,0.2229766845703125
20,47,0.10770034790039062,0.10770034790039062
27,60,0.4394416809082031,0.4394416809082031
45,46,0.13271331787109375,0.13271331787109375
21,64,0.16511917114257812,0.16511917114257812
10,42,0.41608428955078125,0.41608428955078125
15,24,0.1916351318359375,0.1916351318359375
21,28,0.06829071044921875,0.06829071044921875
26,49,0.00730133056640625,0.00730133056640625
22,66,0.013751983642578125,0.013751983642578125
22,18,0.4488945007324219,0.4488945007324219
27,71,0.20780563354492188,0.20780563354492188
28,9,0.18497085571289062,0.18497085571289062
26,7,0.0485687255859375,0.0485687255859375
5,46,0.09004592895507812,0.09004592895507812
15,43,0.06719207763671875,0.06719207763671875
22,38,0.3928108215332031,0.3928108215332031
21,77,0.001018524169921875,0.001018524169921875
30,54,0.07248306274414062,0.07248306274414062
4,38,0.208587646484375,0.208587646484375
15,52,0.14709854125976562,0.14709854125976562
29,37,0.021701812744140625,0.021701812744140625
18,32,0.0566864013671875,0.0566864013671875
12,57,0.20361328125,0.20361328125
24,37,0.2629585266113281,0.2629585266113281
26,20,0.219085693359375,0.219085693359375
21,33,0.31353759765625,0.31353759765625
31,61,0.019287109375,0.019287109375
10,32,0.03229522705078125,0.03229522705078125
21,57,0.0140228271484375,0.0140228271484375
21,81,0.08106231689453125,0.08106231689453125
24,50,0.032806396484375,0.032806396484375
15,75,0.18982696533203125,0.18982696533203125
26,58,0.16511154174804688,0.16511154174804688
13,28,0.08435821533203125,0.08435821533203125
21,54,0.2887001037597656,0.2887001037597656
31,26,0.1072540283203125,0.1072540283203125
33,12,0.038707733154296875,0.038707733154296875
36,5,0.19598388671875,0.19598388671875
8,48,0.15127182006835938,0.15127182006835938
26,23,0.15323638916015625,0.15323638916015625
32,65,0.4113578796386719,0.4113578796386719
26,67,0.13784408569335938,0.13784408569335938
12,26,0.078094482421875,0.078094482421875
11,40,0.02991485595703125,0.02991485595703125
32,14,0.5027961730957031,0.5027961730957031
14,24,0.0948028564453125,0.0948028564453125
29,38,0.25527191162109375,0.25527191162109375
30,68,0.0091094970703125,0.0091094970703125
6,31,0.1336212158203125,0.1336212158203125
29,43,0.22803497314453125,0.22803497314453125
32,23,0.16582870483398438,0.16582870483398438
27,44,0.2553558349609375,0.2553558349609375
6,36,0.09427261352539062,0.09427261352539062
9,18,0.2772026062011719,0.2772026062011719
23,75,0.0,0.0
12,60,0.02862548828125,0.02862548828125
22,55,0.2811393737792969,0.2811393737792969
32,60,0.057064056396484375,0.057064056396484375
9,50,0.012248992919921875,0.012248992919921875
36,35,0.17823410034179688,0.17823410034179688
15,65,0.23432159423828125,0.23432159423828125
38,3,0.17914962768554688,0.17914962768554688
23,28,0.3672752380371094,0.3672752380371094
17,41,0.5461883544921875,0.5461883544921875
40,40,0.4699249267578125,0.4699249267578125
23,45,0.18405532836914062,0.18405532836914062
19,52,0.06648635864257812,0.06648635864257812
2,42,0.06277084350585938,0.06277084350585938
9,54,0.20684432983398438,0.20684432983398438
30,32,0.4499778747558594,0.4499778747558594
5,47,0.3873291015625,0.3873291015625
10,48,0.0915069580078125,0.0915069580078125
22,39,0.3773841857910156,0.3773841857910156
14,33,0.14491653442382812,0.14491653442382812
11,26,0.21988677978515625,0.21988677978515625
8,29,0.0746612548828125,0.0746612548828125
19,18,0.09772491455078125,0.09772491455078125
20,48,0.13040542602539062,0.13040542602539062
1,42,0.2929801940917969,0.2929801940917969
19,15,0.11556625366210938,0.11556625366210938
36,33,0.4782218933105469,0.4782218933105469
24,66,0.3628120422363281,0.3628120422363281
4,40,0.1705322265625,0.1705322265625
18,75,0.08923721313476562,0.08923721313476562
9,23,0.2544975280761719,0.2544975280761719
30,81,0.13628768920898438,0.13628768920898438
32,31,0.2638206481933594,0.2638206481933594
21,34,0.4227638244628906,0.4227638244628906
8,54,0.11941909790039062,0.11941909790039062
34,5,0.20192337036132812,0.20192337036132812
29,71,0.060672760009765625,0.060672760009765625
27,13,0.13689041137695312,0.13689041137695312
6,26,0.09000396728515625,0.09000396728515625
18,62,0.02559661865234375,0.02559661865234375
32,13,0.3881111145019531,0.3881111145019531
30,6,0.16399383544921875,0.16399383544921875
26,51,0.18547439575195312,0.18547439575195312
22,48,0.3041572570800781,0.3041572570800781
19,49,0.0,0.0
27,62,0.5192909240722656,0.5192909240722656
20,64,0.09749221801757812,0.09749221801757812
25,57,0.17734527587890625,0.17734527587890625
22,84,0.1308746337890625,0.1308746337890625
29,30,0.15923309326171875,0.15923309326171875
25,33,0.115478515625,0.115478515625
10,57,0.00972747802734375,0.00972747802734375
11,18,0.34745025634765625,0.34745025634765625
29,48,0.15233230590820312,0.15233230590820312
9,43,0.3038825988769531,0.3038825988769531
18,50,0.1952362060546875,0.1952362060546875
21,72,0.08785247802734375,0.08785247802734375
16,34,0.3200263977050781,0.3200263977050781
24,56,0.02718353271484375,0.02718353271484375
20,68,0.133758544921875,0.133758544921875
25,72,0.0669403076171875,0.0669403076171875
13,50,0.058498382568359375,0.058498382568359375
40,43,0.09473037719726562,0.09473037719726562
24,54,0.008411407470703125,0.008411407470703125
27,32,0.2589073181152344,0.2589073181152344
3,41,0.000827789306640625,0.000827789306640625
26,68,0.22188568115234375,0.22188568115234375
20,18,0.062046051025390625,0.062046051025390625
34,49,0.09913253784179688,0.09913253784179688
22,76,0.0,0.0
25,17,0.34046173095703125,0.34046173095703125
4,37,0.08545303344726562,0.08545303344726562
11,39,0.4694633483886719,0.4694633483886719
20,56,0.08746719360351562,0.08746719360351562
25,51,0.22388458251953125,0.22388458251953125
3,44,0.3605613708496094,0.3605613708496094
13,52,0.37395477294921875,0.37395477294921875
11,43,0.1379852294921875,0.1379852294921875
20,81,0.118988037109375,0.118988037109375
19,30,0.0467529296875,0.0467529296875
9,32,0.16074752807617188,0.16074752807617188
13,71,0.23712539672851562,0.23712539672851562
21,75,0.0,0.0
33,4,0.23494338989257812,0.23494338989257812
26,73,0.4387550354003906,0.4387550354003906
12,67,0.1201019287109375,0.1201019287109375
30,67,0.20130157470703125,0.20130157470703125
25,52,0.32724761962890625,0.32724761962890625
23,65,0.0442352294921875,0.0442352294921875
28,52,0.04357147216796875,0.04357147216796875
33,5,0.09463119506835938,0.09463119506835938
6,22,0.17260360717773438,0.17260360717773438
15,51,0.08967971801757812,0.08967971801757812
37,53,0.13914871215820312,0.13914871215820312
19,50,0.10018539428710938,0.10018539428710938
22,60,0.0,0.0
12,44,0.17861175537109375,0.17861175537109375
28,39,0.3978271484375,0.3978271484375
22,32,0.13116455078125,0.13116455078125
26,71,0.14849853515625,0.14849853515625
34,37,0.4020042419433594,0.4020042419433594
17,49,0.08932113647460938,0.08932113647460938
14,53,0.0269317626953125,0.0269317626953125
16,45,0.07278060913085938,0.07278060913085938
23,84,0.1108551025390625,0.1108551025390625
33,43,0.06293487548828125,0.06293487548828125
19,61,0.31133270263671875,0.31133270263671875
38,2,0.08881378173828125,0.08881378173828125
20,60,0.09572601318359375,0.09572601318359375
28,62,0.1346893310546875,0.1346893310546875
16,46,0.17975616455078125,0.17975616455078125
31,9,0.215606689453125,0.215606689453125
39,37,0.058223724365234375,0.058223724365234375
15,41,0.1307525634765625,0.1307525634765625
27,37,0.46958160400390625,0.46958160400390625
28,41,0.11699295043945312,0.11699295043945312
22,52,0.0068817138671875,0.0068817138671875
28,44,0.4618568420410156,0.4618568420410156
8,34,0.08631134033203125,0.08631134033203125
0,40,0.085174560546875,0.085174560546875
31,40,0.23797607421875,0.23797607421875
25,53,0.016857147216796875,0.016857147216796875
16,51,0.09502029418945312,0.09502029418945312
5,20,0.192535400390625,0.192535400390625
38,39,0.0581817626953125,0.0581817626953125
16,25,0.10003662109375,0.10003662109375
11,56,0.2167510986328125,0.2167510986328125
18,26,0.00014495849609375,0.00014495849609375
17,25,0.10705184936523438,0.10705184936523438
10,52,0.08863067626953125,0.08863067626953125
31,5,0.16017532348632812,0.16017532348632812
8,19,0.13911819458007812,0.13911819458007812
35,37,0.29390716552734375,0.29390716552734375
11,29,0.1846160888671875,0.1846160888671875
6,29,0.11684799194335938,0.11684799194335938
34,58,0.0455780029296875,0.0455780029296875
16,43,0.05202484130859375,0.05202484130859375
9,19,0.22124862670898438,0.22124862670898438
25,59,0.5466461181640625,0.5466461181640625
8,38,0.0941009521484375,0.0941009521484375
12,49,0.5432548522949219,0.5432548522949219
15,48,0.4814033508300781,0.4814033508300781
32,45,0.0306549072265625,0.0306549072265625
15,61,0.060367584228515625,0.060367584228515625
31,69,0.3448905944824219,0.3448905944824219
22,51,0.17828750610351562,0.17828750610351562
35,32,0.05541229248046875,0.05541229248046875
11,33,0.14061355590820312,0.14061355590820312
4,21,0.3478660583496094,0.3478660583496094
11,68,0.0647125244140625,0.0647125244140625
21,50,0.09685134887695312,0.09685134887695312
17,15,0.1781158447265625,0.1781158447265625
18,27,0.0,0.0
42,1,0.16529083251953125,0.16529083251953125
31,60,0.127899169921875,0.127899169921875
7,32,0.10460281372070312,0.10460281372070312
5,23,0.3701972961425781,0.3701972961425781
27,16,0.047412872314453125,0.047412872314453125
31,58,0.006931304931640625,0.006931304931640625
24,64,0.3114356994628906,0.3114356994628906
14,52,0.4603233337402344,0.4603233337402344
35,5,0.2937507629394531,0.2937507629394531
25,49,0.2798423767089844,0.2798423767089844
14,17,0.08373641967773438,0.08373641967773438
36,41,0.000286102294921875,0.000286102294921875
28,24,0.24292755126953125,0.24292755126953125
16,74,0.14882278442382812,0.14882278442382812
16,76,0.201995849609375,0.201995849609375
26,55,0.1665802001953125,0.1665802001953125
20,54,0.10926055908203125,0.10926055908203125
6,34,0.04128265380859375,0.04128265380859375
13,18,0.07007217407226562,0.07007217407226562
14,49,0.07784271240234375,0.07784271240234375
43,47,0.2940216064453125,0.2940216064453125
19,67,0.058681488037109375,0.058681488037109375
20,26,0.16165924072265625,0.16165924072265625
32,54,0.15000152587890625,0.15000152587890625
35,36,0.2963066101074219,0.2963066101074219
10,60,0.10368728637695312,0.10368728637695312
31,59,0.017791748046875,0.017791748046875
19,58,0.0159454345703125,0.0159454345703125
8,28,0.06483840942382812,0.06483840942382812
5,42,0.09148788452148438,0.09148788452148438
26,50,0.08884429931640625,0.08884429931640625
6,30,0.04589080810546875,0.04589080810546875
39,43,0.11234283447265625,0.11234283447265625
30,59,0.44023895263671875,0.44023895263671875
9,47,0.2877693176269531,0.2877693176269531
33,27,0.2216949462890625,0.2216949462890625
18,23,0.201446533203125,0.201446533203125
29,11,0.4983940124511719,0.4983940124511719
29,21,0.08841705322265625,0.08841705322265625
1,43,6.866455078125e-05,6.866455078125e-05
49,47,0.32971954345703125,0.32971954345703125
37,5,0.30327606201171875,0.30327606201171875
18,72,0.0777740478515625,0.0777740478515625
28,19,0.3294181823730469,0.3294181823730469
5,34,0.17413330078125,0.17413330078125
22,30,0.04998779296875,0.04998779296875
28,17,0.2659454345703125,0.2659454345703125
19,60,0.14150238037109375,0.14150238037109375
30,5,0.121246337890625,0.121246337890625
35,56,0.242584228515625,0.242584228515625
28,72,0.35596466064453125,0.35596466064453125
33,41,0.24105072021484375,0.24105072021484375
5,45,0.07718658447265625,0.07718658447265625
26,28,0.22457122802734375,0.22457122802734375
20,41,0.421234130859375,0.421234130859375
8,26,0.026447296142578125,0.026447296142578125
22,41,0.4521484375,0.4521484375
6,40,0.07651901245117188,0.07651901245117188
25,50,0.3474388122558594,0.3474388122558594
33,35,0.16351699829101562,0.16351699829101562
10,36,0.19110107421875,0.19110107421875
27,28,0.0,0.0
10,40,0.17001724243164062,0.17001724243164062
25,21,0.4274444580078125,0.4274444580078125
25,34,0.31298828125,0.31298828125
39,51,0.2854423522949219,0.2854423522949219
35,41,0.1978912353515625,0.1978912353515625
14,40,0.39113616943359375,0.39113616943359375
18,65,0.1593170166015625,0.1593170166015625
14,54,0.20020294189453125,0.20020294189453125
34,31,0.49016571044921875,0.49016571044921875
10,20,0.02646636962890625,0.02646636962890625
25,30,0.052997589111328125,0.052997589111328125
29,58,0.0837860107421875,0.0837860107421875
32,53,0.02789306640625,0.02789306640625
8,37,0.12346267700195312,0.12346267700195312
20,17,0.15981674194335938,0.15981674194335938
13,61,0.14043426513671875,0.14043426513671875
11,48,0.031169891357421875,0.031169891357421875
34,35,0.4001922607421875,0.4001922607421875
29,17,0.4149971008300781,0.4149971008300781
4,41,0.049213409423828125,0.049213409423828125
27,5,0.2670707702636719,0.2670707702636719
29,65,0.36928558349609375,0.36928558349609375
11,74,0.33083343505859375,0.33083343505859375
30,7,0.2258453369140625,0.2258453369140625
31,23,0.028171539306640625,0.028171539306640625
8,45,0.06744384765625,0.06744384765625
18,24,0.050445556640625,0.050445556640625
20,45,0.3430023193359375,0.3430023193359375
27,19,0.11436843872070312,0.11436843872070312
12,56,0.37967681884765625,0.37967681884765625
12,77,0.06116485595703125,0.06116485595703125
29,29,0.3141632080078125,0.3141632080078125
18,55,0.11754608154296875,0.11754608154296875
24,20,0.0769195556640625,0.0769195556640625
30,35,0.21554183959960938,0.21554183959960938
9,48,0.4157218933105469,0.4157218933105469
4,34,0.12180328369140625,0.12180328369140625
17,34,0.3169441223144531,0.3169441223144531
29,63,0.0953369140625,0.0953369140625
30,76,0.1772003173828125,0.1772003173828125
34,40,0.2589912414550781,0.2589912414550781
11,42,0.21649551391601562,0.21649551391601562
26,34,0.16556167602539062,0.16556167602539062
29,44,0.1966094970703125,0.1966094970703125
26,27,0.4764595031738281,0.4764595031738281
35,52,0.2698211669921875,0.2698211669921875
29,40,0.13428878784179688,0.13428878784179688
12,71,0.2993431091308594,0.2993431091308594
11,45,0.072601318359375,0.072601318359375
40,5,0.49808502197265625,0.49808502197265625
10,56,0.18397903442382812,0.18397903442382812
28,55,0.032970428466796875,0.032970428466796875
14,48,0.1581573486328125,0.1581573486328125
2,47,0.09577560424804688,0.09577560424804688
15,30,0.130615234375,0.130615234375
12,19,0.4438438415527344,0.4438438415527344
20,57,0.120635986328125,0.120635986328125
2,38,0.035343170166015625,0.035343170166015625
37,41,0.28032684326171875,0.28032684326171875
37,6,0.24857330322265625,0.24857330322265625
19,35,0.17606735229492188,0.17606735229492188
31,36,0.1685791015625,0.1685791015625
1,37,0.22856903076171875,0.22856903076171875
21,65,0.002635955810546875,0.002635955810546875
32,5,0.13787460327148438,0.13787460327148438
11,75,0.40533447265625,0.40533447265625
32,36,0.01863861083984375,0.01863861083984375
7,46,0.02203369140625,0.02203369140625
22,14,0.0935821533203125,0.0935821533203125
2,36,0.23699188232421875,0.23699188232421875
26,65,0.21430206298828125,0.21430206298828125
13,56,0.13692474365234375,0.13692474365234375
15,29,0.31000518798828125,0.31000518798828125
25,61,0.3695030212402344,0.3695030212402344
33,40,0.2870063781738281,0.2870063781738281
29,57,0.28582763671875,0.28582763671875
25,44,0.33306121826171875,0.33306121826171875
27,61,0.04117584228515625,0.04117584228515625
20,63,0.10060501098632812,0.10060501098632812
39,40,0.07334136962890625,0.07334136962890625
30,48,0.14638519287109375,0.14638519287109375
28,45,0.006832122802734375,0.006832122802734375
16,50,0.2691001892089844,0.2691001892089844
23,34,0.5003433227539062,0.5003433227539062
30,31,0.06060028076171875,0.06060028076171875
18,42,0.5222434997558594,0.5222434997558594
22,58,0.15088272094726562,0.15088272094726562
26,43,0.3464088439941406,0.3464088439941406
22,31,0.36629486083984375,0.36629486083984375
17,59,0.21716690063476562,0.21716690063476562
39,48,0.007778167724609375,0.007778167724609375
6,23,0.12184524536132812,0.12184524536132812
15,39,0.3737602233886719,0.3737602233886719
25,6,0.23781204223632812,0.23781204223632812
23,83,0.155975341796875,0.155975341796875
29,73,0.09943771362304688,0.09943771362304688
26,6,0.004993438720703125,0.004993438720703125
5,38,0.19588470458984375,0.19588470458984375
10,18,0.13069534301757812,0.13069534301757812
12,33,0.37999725341796875,0.37999725341796875
30,55,0.18610000610351562,0.18610000610351562
24,25,0.5313529968261719,0.5313529968261719
11,32,0.14226150512695312,0.14226150512695312
17,73,0.12037277221679688,0.12037277221679688
10,45,0.12234878540039062,0.12234878540039062
10,44,0.1074676513671875,0.1074676513671875
31,65,0.2716102600097656,0.2716102600097656
22,83,0.104644775390625,0.104644775390625
28,73,0.19561004638671875,0.19561004638671875
5,39,0.13029098510742188,0.13029098510742188
2,43,0.11566543579101562,0.11566543579101562
8,52,0.19771194458007812,0.19771194458007812
9,45,0.11678314208984375,0.11678314208984375
13,35,0.12271881103515625,0.12271881103515625
5,37,0.14897918701171875,0.14897918701171875
5,36,0.0,0.0
4,39,0.020778656005859375,0.020778656005859375
22,70,0.12350845336914062,0.12350845336914062
30,80,0.01525115966796875,0.01525115966796875
28,70,0.002716064453125,0.002716064453125
28,53,0.23199081420898438,0.23199081420898438
28,25,0.2917633056640625,0.2917633056640625
11,46,0.039836883544921875,0.039836883544921875
21,83,0.0,0.0
18,71,0.09493255615234375,0.09493255615234375
28,65,0.1814117431640625,0.1814117431640625
19,46,0.17690277099609375,0.17690277099609375
10,68,0.18769454956054688,0.18769454956054688
38,51,0.15172195434570312,0.15172195434570312
30,66,0.07503509521484375,0.07503509521484375
28,21,0.1620635986328125,0.1620635986328125
20,50,0.10150527954101562,0.10150527954101562
14,29,0.04821014404296875,0.04821014404296875
21,44,0.038379669189453125,0.038379669189453125
35,53,0.000423431396484375,0.000423431396484375
31,11,0.16344833374023438,0.16344833374023438
26,46,0.1076812744140625,0.1076812744140625
15,50,0.0847930908203125,0.0847930908203125
37,42,0.325469970703125,0.325469970703125
28,30,0.2774085998535156,0.2774085998535156
27,26,0.0207977294921875,0.0207977294921875
25,35,0.14501953125,0.14501953125
8,44,0.11348724365234375,0.11348724365234375
25,20,0.26157379150390625,0.26157379150390625
17,72,0.07379531860351562,0.07379531860351562
32,24,0.2217864990234375,0.2217864990234375
32,57,0.10498809814453125,0.10498809814453125
15,60,0.05267333984375,0.05267333984375
35,4,0.251861572265625,0.251861572265625
17,27,0.043216705322265625,0.043216705322265625
31,15,0.0424957275390625,0.0424957275390625
22,68,0.042469024658203125,0.042469024658203125
16,60,0.21953201293945312,0.21953201293945312
24,57,0.17658233642578125,0.17658233642578125
0,39,0.12656402587890625,0.12656402587890625
12,70,0.4152336120605469,0.4152336120605469
39,41,0.4702415466308594,0.4702415466308594
29,60,0.172515869140625,0.172515869140625
38,43,0.3658294677734375,0.3658294677734375
35,3,0.38405609130859375,0.38405609130859375
16,31,0.0,0.0
19,74,0.21970748901367188,0.21970748901367188
14,46,0.055942535400390625,0.055942535400390625
22,26,0.10937881469726562,0.10937881469726562
30,43,0.2656974792480469,0.2656974792480469
37,4,0.30318450927734375,0.30318450927734375
22,42,0.4299812316894531,0.4299812316894531
18,47,0.009418487548828125,0.009418487548828125
28,10,0.2478790283203125,0.2478790283203125
16,42,0.3637542724609375,0.3637542724609375
31,33,0.09031295776367188,0.09031295776367188
7,20,0.13058853149414062,0.13058853149414062
27,73,0.40868377685546875,0.40868377685546875
9,24,0.17325973510742188,0.17325973510742188
26,22,0.4190559387207031,0.4190559387207031
21,68,0.07201004028320312,0.07201004028320312
22,27,0.09760665893554688,0.09760665893554688
25,39,0.4682044982910156,0.4682044982910156
21,40,0.2893486022949219,0.2893486022949219
43,43,0.23434066772460938,0.23434066772460938
27,69,0.0672149658203125,0.0672149658203125
8,33,0.22692489624023438,0.22692489624023438
6,43,0.24274444580078125,0.24274444580078125
10,28,0.12632369995117188,0.12632369995117188
50,48,0.22667694091796875,0.22667694091796875
17,29,0.13988113403320312,0.13988113403320312
23,30,0.25627899169921875,0.25627899169921875
19,68,0.042995452880859375,0.042995452880859375
14,55,0.07274627685546875,0.07274627685546875
27,20,0.271484375,0.271484375
9,37,0.17095947265625,0.17095947265625
9,22,0.197296142578125,0.197296142578125
32,55,0.028881072998046875,0.028881072998046875
27,56,0.0,0.0
4,24,0.2540435791015625,0.2540435791015625
28,69,0.0,0.0
38,4,0.2916069030761719,0.2916069030761719
16,18,0.018573760986328125,0.018573760986328125
32,43,0.21121597290039062,0.21121597290039062
10,22,0.21416854858398438,0.21416854858398438
30,50,0.11486434936523438,0.11486434936523438
27,67,0.12337112426757812,0.12337112426757812
27,42,0.3029632568359375,0.3029632568359375
45,48,0.016277313232421875,0.016277313232421875
7,35,0.06389617919921875,0.06389617919921875
26,8,0.12202072143554688,0.12202072143554688
43,42,0.3180809020996094,0.3180809020996094
8,24,0.047245025634765625,0.047245025634765625
19,41,0.06923294067382812,0.06923294067382812
27,25,0.24189376831054688,0.24189376831054688
18,44,0.30548858642578125,0.30548858642578125
15,63,0.19114303588867188,0.19114303588867188
27,34,0.1920013427734375,0.1920013427734375
8,22,0.2368316650390625,0.2368316650390625
30,64,0.2596282958984375,0.2596282958984375
29,81,0.18613433837890625,0.18613433837890625
27,65,0.3480682373046875,0.3480682373046875
21,45,0.04842376708984375,0.04842376708984375
17,62,0.15262603759765625,0.15262603759765625
32,30,0.29398345947265625,0.29398345947265625
44,43,0.033664703369140625,0.033664703369140625
4,42,0.0,0.0
18,67,0.14822006225585938,0.14822006225585938
28,57,0.0604400634765625,0.0604400634765625
15,17,0.14972686767578125,0.14972686767578125
12,31,0.16489791870117188,0.16489791870117188
13,62,0.029804229736328125,0.029804229736328125
12,32,0.06293869018554688,0.06293869018554688
28,16,0.23923110961914062,0.23923110961914062
24,69,0.015483856201171875,0.015483856201171875
34,32,0.36077117919921875,0.36077117919921875
28,68,0.062122344970703125,0.062122344970703125
12,75,0.3838081359863281,0.3838081359863281
27,46,0.2768516540527344,0.2768516540527344
28,58,0.208526611328125,0.208526611328125
25,27,0.01312255859375,0.01312255859375
31,78,0.07913970947265625,0.07913970947265625
24,28,0.1669921875,0.1669921875
10,43,0.055419921875,0.055419921875
6,21,0.24729156494140625,0.24729156494140625
30,56,0.24976348876953125,0.24976348876953125
32,35,0.00228118896484375,0.00228118896484375
11,52,0.07750320434570312,0.07750320434570312
28,49,0.2727699279785156,0.2727699279785156
26,53,0.3197784423828125,0.3197784423828125
32,52,0.358001708984375,0.358001708984375
19,22,0.1571807861328125,0.1571807861328125
19,39,0.5219764709472656,0.5219764709472656
31,16,0.033977508544921875,0.033977508544921875
28,46,0.06977462768554688,0.06977462768554688
5,31,0.08425140380859375,0.08425140380859375
21,48,0.29947662353515625,0.29947662353515625
25,58,0.0,0.0
19,56,0.1220245361328125,0.1220245361328125
23,64,0.16619491577148438,0.16619491577148438
33,53,0.06125640869140625,0.06125640869140625
26,48,0.27736663818359375,0.27736663818359375
21,73,0.16649627685546875,0.16649627685546875
9,46,0.10626220703125,0.10626220703125
17,32,0.06522369384765625,0.06522369384765625
15,31,0.05466461181640625,0.05466461181640625
27,72,0.27043914794921875,0.27043914794921875
18,41,0.37523651123046875,0.37523651123046875
40,3,0.4911003112792969,0.4911003112792969
15,23,0.1191558837890625,0.1191558837890625
9,25,0.3393096923828125,0.3393096923828125
37,38,0.4239006042480469,0.4239006042480469
25,73,0.071929931640625,0.071929931640625
27,47,0.3277931213378906,0.3277931213378906
28,22,0.34100341796875,0.34100341796875
28,60,0.22133636474609375,0.22133636474609375
23,66,0.0,0.0
32,49,0.006072998046875,0.006072998046875
25,68,0.0,0.0
12,38,0.25165557861328125,0.25165557861328125
20,66,0.05722808837890625,0.05722808837890625
31,21,0.047794342041015625,0.047794342041015625
11,61,0.18083953857421875,0.18083953857421875
29,19,0.21365737915039062,0.21365737915039062
17,75,0.0,0.0
33,61,0.5523147583007812,0.5523147583007812
12,42,0.18299484252929688,0.18299484252929688
18,78,0.045253753662109375,0.045253753662109375
12,55,0.27996063232421875,0.27996063232421875
9,29,0.5591011047363281,0.5591011047363281
34,38,0.10557937622070312,0.10557937622070312
20,33,0.026638031005859375,0.026638031005859375
27,21,0.2982368469238281,0.2982368469238281
29,45,0.4502449035644531,0.4502449035644531
10,38,0.026485443115234375,0.026485443115234375
9,28,0.18647384643554688,0.18647384643554688
12,40,0.3593940734863281,0.3593940734863281
14,62,0.0,0.0
21,51,0.086151123046875,0.086151123046875
8,39,0.17281723022460938,0.17281723022460938
16,47,0.0,0.0
27,59,0.002300262451171875,0.002300262451171875
16,27,0.2957611083984375,0.2957611083984375
37,50,0.043025970458984375,0.043025970458984375
17,23,0.13636398315429688,0.13636398315429688
22,44,0.2720069885253906,0.2720069885253906
37,40,0.3380126953125,0.3380126953125
29,68,0.07764434814453125,0.07764434814453125
18,54,0.155792236328125,0.155792236328125
27,68,0.0,0.0
37,3,0.19399261474609375,0.19399261474609375
24,68,0.09368133544921875,0.09368133544921875
5,35,0.3938102722167969,0.3938102722167969
45,44,0.022945404052734375,0.022945404052734375
26,56,0.020816802978515625,0.020816802978515625
21,32,0.2752265930175781,0.2752265930175781
7,40,0.5409927368164062,0.5409927368164062
32,48,0.3123741149902344,0.3123741149902344
16,58,0.3967247009277344,0.3967247009277344
12,27,0.2538337707519531,0.2538337707519531
20,22,0.13239669799804688,0.13239669799804688
28,35,0.2606468200683594,0.2606468200683594
16,17,0.3055152893066406,0.3055152893066406
30,23,0.20477676391601562,0.20477676391601562
29,6,0.24972152709960938,0.24972152709960938
26,37,0.17428207397460938,0.17428207397460938
34,54,0.175628662109375,0.175628662109375
14,44,0.08255767822265625,0.08255767822265625
10,31,0.16201019287109375,0.16201019287109375
8,49,0.15631866455078125,0.15631866455078125
23,40,0.4249992370605469,0.4249992370605469
20,75,0.0,0.0
13,26,0.039127349853515625,0.039127349853515625
24,65,0.1656494140625,0.1656494140625
28,66,0.3821449279785156,0.3821449279785156
30,34,0.2092742919921875,0.2092742919921875
20,21,0.09241104125976562,0.09241104125976562
23,46,0.4068717956542969,0.4068717956542969
39,4,0.4195747375488281,0.4195747375488281
10,50,0.30799102783203125,0.30799102783203125
27,6,0.15452194213867188,0.15452194213867188
29,35,0.1151580810546875,0.1151580810546875
14,58,0.08032608032226562,0.08032608032226562
25,41,0.26970672607421875,0.26970672607421875
19,16,0.205474853515625,0.205474853515625
21,25,0.007167816162109375,0.007167816162109375
21,18,0.25452423095703125,0.25452423095703125
16,66,0.4261016845703125,0.4261016845703125
23,74,0.0,0.0
24,49,0.1890411376953125,0.1890411376953125
12,58,0.13113784790039062,0.13113784790039062
32,8,0.08676910400390625,0.08676910400390625
22,35,0.0687408447265625,0.0687408447265625
11,28,0.1293182373046875,0.1293182373046875
26,42,0.21572113037109375,0.21572113037109375
19,24,0.04376983642578125,0.04376983642578125
25,22,0.31005859375,0.31005859375
12,53,0.100799560546875,0.100799560546875
13,34,0.4019775390625,0.4019775390625
6,46,0.10012435913085938,0.10012435913085938
9,52,0.10100555419921875,0.10100555419921875
21,56,0.031574249267578125,0.031574249267578125
8,32,0.12677383422851562,0.12677383422851562
44,44,0.35095977783203125,0.35095977783203125
6,47,0.0,0.0
23,54,0.12873077392578125,0.12873077392578125
33,29,0.057647705078125,0.057647705078125
26,69,0.11951065063476562,0.11951065063476562
6,20,0.289337158203125,0.289337158203125
7,34,0.16460418701171875,0.16460418701171875
14,47,0.12192153930664062,0.12192153930664062
33,50,0.0333099365234375,0.0333099365234375
21,63,0.2856254577636719,0.2856254577636719
23,72,0.10311126708984375,0.10311126708984375
21,80,0.07509231567382812,0.07509231567382812
29,55,0.10323715209960938,0.10323715209960938
23,42,0.0,0.0
16,64,0.20739364624023438,0.20739364624023438
24,44,0.40958404541015625,0.40958404541015625
31,37,0.3140983581542969,0.3140983581542969
28,59,0.11130523681640625,0.11130523681640625
27,41,0.4477272033691406,0.4477272033691406
20,31,0.2519950866699219,0.2519950866699219
29,22,0.26107025146484375,0.26107025146484375
33,45,0.173187255859375,0.173187255859375
33,18,0.001552581787109375,0.001552581787109375
22,24,0.0164947509765625,0.0164947509765625
30,41,0.10659027099609375,0.10659027099609375
22,56,0.18474960327148438,0.18474960327148438
22,17,0.272674560546875,0.272674560546875
21,71,0.032623291015625,0.032623291015625
32,44,0.006805419921875,0.006805419921875
37,47,0.0,0.0
7,44,0.15710067749023438,0.15710067749023438
3,36,0.268096923828125,0.268096923828125
37,34,0.026172637939453125,0.026172637939453125
29,59,0.06496429443359375,0.06496429443359375
25,64,0.3070945739746094,0.3070945739746094
16,62,0.037700653076171875,0.037700653076171875
23,56,0.2483673095703125,0.2483673095703125
1,39,0.08139801025390625,0.08139801025390625
31,12,0.16608810424804688,0.16608810424804688
26,29,0.001232147216796875,0.001232147216796875
7,45,0.3411102294921875,0.3411102294921875
26,18,0.26857757568359375,0.26857757568359375
37,39,0.3529167175292969,0.3529167175292969
18,16,0.32570648193359375,0.32570648193359375
18,56,0.09474945068359375,0.09474945068359375
9,42,0.061061859130859375,0.061061859130859375
12,54,0.287506103515625,0.287506103515625
25,83,0.16333389282226562,0.16333389282226562
11,51,0.10306167602539062,0.10306167602539062
34,11,0.38763427734375,0.38763427734375
10,30,0.13001632690429688,0.13001632690429688
24,62,0.074737548828125,0.074737548828125
27,57,0.01995086669921875,0.01995086669921875
19,32,0.1795806884765625,0.1795806884765625
30,71,0.09186935424804688,0.09186935424804688
7,43,0.0473175048828125,0.0473175048828125
19,33,0.157806396484375,0.157806396484375
28,56,0.35871124267578125,0.35871124267578125
4,43,0.08996963500976562,0.08996963500976562
4,33,0.18106460571289062,0.18106460571289062
34,45,0.19732284545898438,0.19732284545898438
20,72,0.1086883544921875,0.1086883544921875
34,4,0.10776138305664062,0.10776138305664062
23,21,0.41259002685546875,0.41259002685546875
23,52,0.222686767578125,0.222686767578125
2,37,0.1783294677734375,0.1783294677734375
36,6,0.23677825927734375,0.23677825927734375
31,14,0.06830215454101562,0.06830215454101562
13,43,0.2139434814453125,0.2139434814453125
24,17,0.13661575317382812,0.13661575317382812
27,45,0.3699913024902344,0.3699913024902344
11,47,0.14404678344726562,0.14404678344726562
12,74,0.13954925537109375,0.13954925537109375
26,57,0.0941925048828125,0.0941925048828125
14,39,0.2917137145996094,0.2917137145996094
31,24,0.0816802978515625,0.0816802978515625
21,58,0.3295860290527344,0.3295860290527344
25,40,0.042724609375,0.042724609375
23,51,0.004016876220703125,0.004016876220703125
26,35,0.3723487854003906,0.3723487854003906
15,45,0.017337799072265625,0.017337799072265625
31,64,0.19836044311523438,0.19836044311523438
33,60,0.1469268798828125,0.1469268798828125
32,12,0.23570632934570312,0.23570632934570312
31,55,0.07161331176757812,0.07161331176757812
21,35,0.12653350830078125,0.12653350830078125
25,66,0.10850906372070312,0.10850906372070312
11,19,0.3434486389160156,0.3434486389160156
30,69,0.013561248779296875,0.013561248779296875
9,55,0.1881561279296875,0.1881561279296875
13,36,0.0,0.0
12,69,0.15972518920898438,0.15972518920898438
47,49,0.14117050170898438,0.14117050170898438
10,39,0.12617111206054688,0.12617111206054688
36,38,0.139739990234375,0.139739990234375
27,58,0.2577323913574219,0.2577323913574219
4,45,0.11091232299804688,0.11091232299804688
28,67,0.16022872924804688,0.16022872924804688
5,21,0.23761367797851562,0.23761367797851562
28,40,0.14999008178710938,0.14999008178710938
25,28,0.11896133422851562,0.11896133422851562
15,33,0.12818145751953125,0.12818145751953125
21,46,0.10533523559570312,0.10533523559570312
11,41,0.3471183776855469,0.3471183776855469
35,45,0.0,0.0
16,30,0.20103836059570312,0.20103836059570312
17,45,0.22153472900390625,0.22153472900390625
26,38,0.4419212341308594,0.4419212341308594
29,74,0.18408584594726562,0.18408584594726562
44,45,0.457489013671875,0.457489013671875
27,74,0.139404296875,0.139404296875
37,7,0.0852508544921875,0.0852508544921875
16,24,0.07345199584960938,0.07345199584960938
10,66,0.052997589111328125,0.052997589111328125
31,22,0.22345733642578125,0.22345733642578125
37,35,0.4138984680175781,0.4138984680175781
13,44,0.010501861572265625,0.010501861572265625
36,40,0.4403419494628906,0.4403419494628906
23,76,0.00211334228515625,0.00211334228515625
18,31,0.069000244140625,0.069000244140625
27,48,0.02416229248046875,0.02416229248046875
20,52,0.0568695068359375,0.0568695068359375
3,46,0.3804435729980469,0.3804435729980469
20,46,0.16138458251953125,0.16138458251953125
3,39,0.06131744384765625,0.06131744384765625
23,53,0.046230316162109375,0.046230316162109375
12,76,0.43988037109375,0.43988037109375
11,67,0.16545486450195312,0.16545486450195312
19,59,0.07941436767578125,0.07941436767578125
28,27,0.11573028564453125,0.11573028564453125
43,44,0.47829437255859375,0.47829437255859375
8,47,0.1445770263671875,0.1445770263671875
16,52,0.2513084411621094,0.2513084411621094
17,78,0.21562576293945312,0.21562576293945312
32,3,0.4488677978515625,0.4488677978515625
20,40,0.421234130859375,0.421234130859375
17,30,0.154205322265625,0.154205322265625
26,62,0.19206619262695312,0.19206619262695312
25,74,0.0,0.0
32,26,0.26982879638671875,0.26982879638671875
28,18,0.3770027160644531,0.3770027160644531
11,72,0.3632392883300781,0.3632392883300781
28,61,0.5412330627441406,0.5412330627441406
10,46,0.032382965087890625,0.032382965087890625
1,40,0.14841461181640625,0.14841461181640625
24,46,0.073394775390625,0.073394775390625
29,28,0.176116943359375,0.176116943359375
39,47,0.1745452880859375,0.1745452880859375
27,35,0.2549247741699219,0.2549247741699219
15,58,0.2586860656738281,0.2586860656738281
1,46,0.14667510986328125,0.14667510986328125
28,6,0.22771453857421875,0.22771453857421875
25,14,0.10274124145507812,0.10274124145507812
36,34,0.06512069702148438,0.06512069702148438
3,38,0.09305191040039062,0.09305191040039062
27,39,0.054447174072265625,0.054447174072265625
24,30,0.220458984375,0.220458984375
22,65,0.29567718505859375,0.29567718505859375
31,51,0.12525177001953125,0.12525177001953125
15,42,0.4165077209472656,0.4165077209472656
24,35,0.33617401123046875,0.33617401123046875
22,19,0.06671142578125,0.06671142578125
10,47,0.10038375854492188,0.10038375854492188
29,23,0.027622222900390625,0.027622222900390625
27,24,0.14137649536132812,0.14137649536132812
14,45,0.13136672973632812,0.13136672973632812
23,44,0.3926200866699219,0.3926200866699219
29,8,0.21377182006835938,0.21377182006835938
31,13,0.2750434875488281,0.2750434875488281
25,38,0.3619842529296875,0.3619842529296875
39,39,0.19438552856445312,0.19438552856445312
31,41,0.22573471069335938,0.22573471069335938
22,36,0.3220710754394531,0.3220710754394531
18,61,0.10897445678710938,0.10897445678710938
14,18,0.1126861572265625,0.1126861572265625
20,43,0.1445159912109375,0.1445159912109375
14,51,0.4545326232910156,0.4545326232910156
27,8,0.18169403076171875,0.18169403076171875
40,6,0.20877838134765625,0.20877838134765625
11,49,0.45652008056640625,0.45652008056640625
24,36,0.1931304931640625,0.1931304931640625
33,16,0.2517662048339844,0.2517662048339844
14,50,0.22969818115234375,0.22969818115234375
25,56,0.23482513427734375,0.23482513427734375
10,27,0.22185134887695312,0.22185134887695312
40,39,0.4673957824707031,0.4673957824707031
21,31,0.0422515869140625,0.0422515869140625
29,24,0.027721405029296875,0.027721405029296875
20,30,0.2623748779296875,0.2623748779296875
16,29,0.09199905395507812,0.09199905395507812
24,16,0.15135955810546875,0.15135955810546875
7,19,0.13912582397460938,0.13912582397460938
9,51,0.19329452514648438,0.19329452514648438
33,54,0.3823814392089844,0.3823814392089844
23,63,0.1873931884765625,0.1873931884765625
28,33,0.14788055419921875,0.14788055419921875
29,36,0.14443206787109375,0.14443206787109375
28,28,0.08978652954101562,0.08978652954101562
12,35,0.4202766418457031,0.4202766418457031
25,29,0.32674407958984375,0.32674407958984375
34,50,0.11483383178710938,0.11483383178710938
24,73,0.14061737060546875,0.14061737060546875
30,10,0.11223602294921875,0.11223602294921875
28,43,0.04546356201171875,0.04546356201171875
27,33,0.04962158203125,0.04962158203125
18,70,0.0,0.0
16,61,0.016513824462890625,0.016513824462890625
16,73,0.17157363891601562,0.17157363891601562
17,61,0.021907806396484375,0.021907806396484375
16,15,0.23271560668945312,0.23271560668945312
14,19,0.1128997802734375,0.1128997802734375
22,67,0.021274566650390625,0.021274566650390625
8,20,0.21961212158203125,0.21961212158203125
11,22,0.11343002319335938,0.11343002319335938
29,56,0.3378753662109375,0.3378753662109375
25,16,0.1180572509765625,0.1180572509765625
45,1,0.16894912719726562,0.16894912719726562
40,1,0.15508270263671875,0.15508270263671875
13,42,0.040561676025390625,0.040561676025390625
27,38,0.29425048828125,0.29425048828125
14,65,0.2543144226074219,0.2543144226074219
13,72,0.023525238037109375,0.023525238037109375
14,64,0.23088836669921875,0.23088836669921875
14,26,0.3296051025390625,0.3296051025390625
26,72,0.17620468139648438,0.17620468139648438
17,22,0.19374847412109375,0.19374847412109375
27,50,0.15875625610351562,0.15875625610351562
24,83,0.14011764526367188,0.14011764526367188
9,56,0.000102996826171875,0.000102996826171875
23,15,0.05799102783203125,0.05799102783203125
17,68,0.30010986328125,0.30010986328125
34,6,0.19315719604492188,0.19315719604492188
30,17,0.21503067016601562,0.21503067016601562
15,56,0.0978546142578125,0.0978546142578125
39,44,0.4330558776855469,0.4330558776855469
30,51,0.2566108703613281,0.2566108703613281
26,66,0.2705039978027344,0.2705039978027344
28,64,0.18814849853515625,0.18814849853515625
22,54,0.098724365234375,0.098724365234375
8,43,0.025203704833984375,0.025203704833984375
17,19,0.17978668212890625,0.17978668212890625
25,69,0.0,0.0
32,41,0.4049186706542969,0.4049186706542969
32,40,0.17406463623046875,0.17406463623046875
22,57,0.13042068481445312,0.13042068481445312
44,1,0.011196136474609375,0.011196136474609375
38,52,0.0,0.0
26,30,0.0,0.0
15,18,0.01847076416015625,0.01847076416015625
26,32,0.3077964782714844,0.3077964782714844
30,14,0.3085174560546875,0.3085174560546875
15,66,0.2775993347167969,0.2775993347167969
33,56,0.115875244140625,0.115875244140625
32,10,0.3993721008300781,0.3993721008300781
33,44,0.14771652221679688,0.14771652221679688
33,36,0.2924652099609375,0.2924652099609375
19,27,0.09098434448242188,0.09098434448242188
19,21,0.089691162109375,0.089691162109375
31,30,0.0,0.0
23,22,0.4538726806640625,0.4538726806640625
24,63,0.307861328125,0.307861328125
18,18,0.08671188354492188,0.08671188354492188
22,47,0.2780113220214844,0.2780113220214844
11,73,0.3815269470214844,0.3815269470214844
26,24,0.49138641357421875,0.49138641357421875
6,38,0.23717117309570312,0.23717117309570312
26,63,0.051036834716796875,0.051036834716796875
22,75,0.000141143798828125,0.000141143798828125
8,50,0.023082733154296875,0.023082733154296875
26,31,0.02117919921875,0.02117919921875
24,76,0.0,0.0
20,39,0.421234130859375,0.421234130859375
20,23,0.14964675903320312,0.14964675903320312
23,24,0.014629364013671875,0.014629364013671875
17,53,0.16090011596679688,0.16090011596679688
23,73,0.2542572021484375,0.2542572021484375
29,18,0.09446334838867188,0.09446334838867188
28,74,0.11444091796875,0.11444091796875
20,69,0.02703857421875,0.02703857421875
4,22,0.39493560791015625,0.39493560791015625
24,38,0.18311691284179688,0.18311691284179688
32,17,0.066986083984375,0.066986083984375
29,69,0.3472785949707031,0.3472785949707031
23,39,0.19479751586914062,0.19479751586914062
16,32,0.16920852661132812,0.16920852661132812
32,33,0.32794952392578125,0.32794952392578125
30,65,0.29061126708984375,0.29061126708984375
5,24,0.0829620361328125,0.0829620361328125
31,32,0.09505844116210938,0.09505844116210938
19,65,8.0108642578125e-05,8.0108642578125e-05
12,29,0.13867950439453125,0.13867950439453125
39,6,0.07708358764648438,0.07708358764648438
29,82,0.14417648315429688,0.14417648315429688
22,22,0.018199920654296875,0.018199920654296875
23,14,0.09265518188476562,0.09265518188476562
16,48,0.1804656982421875,0.1804656982421875
30,4,0.27764129638671875,0.27764129638671875
18,74,0.08923721313476562,0.08923721313476562
20,44,0.3007926940917969,0.3007926940917969
35,51,0.0072784423828125,0.0072784423828125
28,63,0.09675979614257812,0.09675979614257812
10,37,0.2746620178222656,0.2746620178222656
16,53,0.3927650451660156,0.3927650451660156
45,49,0.0,0.0
11,76,0.4394721984863281,0.4394721984863281
34,42,0.08114242553710938,0.08114242553710938
27,63,0.030422210693359375,0.030422210693359375
33,55,0.41904449462890625,0.41904449462890625
10,29,0.19215011596679688,0.19215011596679688
7,39,0.4469184875488281,0.4469184875488281
36,39,0.28314971923828125,0.28314971923828125
24,32,0.42673492431640625,0.42673492431640625
13,46,0.01187896728515625,0.01187896728515625
18,30,0.06696701049804688,0.06696701049804688
18,51,0.25030517578125,0.25030517578125
31,56,0.21171951293945312,0.21171951293945312
19,26,0.1908111572265625,0.1908111572265625
31,43,0.048664093017578125,0.048664093017578125
33,14,0.003536224365234375,0.003536224365234375
25,18,0.07793045043945312,0.07793045043945312
22,71,0.10901641845703125,0.10901641845703125
15,34,0.44738006591796875,0.44738006591796875
